,property,raw material 1,raw material 2,raw material 3,temperature,time
property,0.07954430263157894,-0.08062236842105262,-0.007684210526315788,0.08830657894736843,0.24230263157894738,-2.2798684210526314
raw material 1,-0.08062236842105262,0.10239473684210527,-0.003999999999999999,-0.09839473684210527,-0.4960526315789473,2.5184210526315787
raw material 2,-0.007684210526315788,-0.003999999999999999,0.013263157894736841,-0.009263157894736841,0.0578947368421053,-0.7473684210526316
raw material 3,0.08830657894736843,-0.09839473684210527,-0.009263157894736841,0.10765789473684213,0.4381578947368423,-1.7710526315789472
temperature,0.24230263157894738,-0.4960526315789473,0.0578947368421053,0.4381578947368423,264.4078947368421,284.34210526315786
time,-2.2798684210526314,2.5184210526315787,-0.7473684210526316,-1.7710526315789472,284.34210526315786,1226.0526315789473
