,property,raw material 1,raw material 2,raw material 3,temperature,time
mean,0.28925,0.465,0.12,0.41500000000000004,72.25,55.5
median,0.1235,0.5,0.1,0.3,70.0,50.0
variance,0.07954430263157893,0.10239473684210526,0.013263157894736843,0.10765789473684213,264.4078947368421,1226.0526315789473
standard deviation,0.2820359952764521,0.3199917762101165,0.11516578439248717,0.3281126250799291,16.26062405742295,35.01503436495454
max,0.775,1.0,0.4,0.9,100.0,120.0
min,0.037,0.0,0.0,0.0,50.0,10.0
sum,5.785,9.3,2.4,8.3,1445.0,1110.0
