column_0,actual_y,estimated_y,error_of_y(actual_y-estimated_y)
sample_12,0.037,0.09332060934483447,-0.05632060934483447
sample_16,0.087,0.16964454353098818,-0.08264454353098818
sample_15,0.773,0.5847845341010072,0.18821546589899285
sample_13,0.1,0.21131120108253842,-0.11131120108253842
sample_1,0.125,0.2643851611746762,-0.1393851611746762
