actual_y,estimated_y,error_of_y(actual_y-estimated_y),std_of_estimated_y
0.037,0.0672461982730117,-0.030246198273011705,0.09268000557726258
0.087,0.13004292929917857,-0.04304292929917858,0.10610070459197923
0.773,0.673608833663605,0.099391166336395,0.10376123412527355
0.1,0.19543157439485637,-0.09543157439485636,0.10155278394064697
0.125,0.28571784246818804,-0.16071784246818804,0.09017026208466011
