actual_y,estimated_y,error_of_y(actual_y-estimated_y)
0.037,0.0147418634880922,0.0222581365119078
0.087,0.12594002554333839,-0.03894002554333839
0.773,0.5592757521066574,0.21372424789334266
0.1,0.11247486872222498,-0.012474868722224974
0.125,0.1733501920537161,-0.0483501920537161
