actual_y,estimated_y,error_of_y(actual_y-estimated_y)
0.037,0.09332060934483452,-0.05632060934483452
0.087,0.16964454353098812,-0.08264454353098813
0.773,0.5847845341010071,0.18821546589899296
0.1,0.21131120108253842,-0.11131120108253842
0.125,0.2643851611746762,-0.1393851611746762
