actual_y,estimated_y,error_of_y(actual_y-estimated_y)
0.037,0.05412037122011393,-0.01712037122011393
0.087,0.12338039418769378,-0.03638039418769379
0.773,0.8042513831366852,-0.031251383136685185
0.1,0.09632639713479496,0.0036736028652050445
0.125,0.14760680974399226,-0.022606809743992262
