actual_y,estimated_y,error_of_y(actual_y-estimated_y)
0.037,0.06962000000000003,-0.03262000000000003
0.087,0.141966666666667,-0.054966666666667
0.773,0.6908966666666646,0.08210333333333542
0.1,0.1315966666666666,-0.031596666666666606
0.125,0.13398000000000013,-0.008980000000000127
