actual_y,estimated_y,error_of_y(actual_y-estimated_y)
0.037,0.10033333333333333,-0.06333333333333332
0.087,0.10033333333333333,-0.013333333333333336
0.773,0.6266666666666666,0.14633333333333343
0.1,0.10033333333333333,-0.0003333333333333244
0.125,0.10033333333333333,0.02466666666666667
