actual_y,estimated_y,error_of_y(actual_y-estimated_y),std_of_estimated_y
0.037,0.055561346046430427,-0.01856134604643043,0.012149845031020547
0.087,0.11309262769942291,-0.026092627699422916,0.013770848039470356
0.773,0.7743848317742545,-0.0013848317742545246,0.01606858829904431
0.1,0.10360434232277624,-0.003604342322776233,0.013507123292332283
0.125,0.14997409093108816,-0.024974090931088155,0.012467190132074944
