actual_y,estimated_y_test,error_of_y(actual_y-estimated_y)
0.037,0.0602830248469578,-0.023283024846957802
0.087,0.12320073149892191,-0.03620073149892192
0.773,0.6851673601856758,0.08783263981432421
0.1,0.19127937236277576,-0.09127937236277575
0.125,0.2847580776034532,-0.15975807760345317
