actual_y,estimated_y,error_of_y(actual_y-estimated_y)
0.037,0.05412037122011426,-0.017120371220114262
0.087,0.12338039418769375,-0.03638039418769376
0.773,0.8042513831366846,-0.03125138313668463
0.1,0.0963263971347948,0.003673602865205211
0.125,0.14760680974399246,-0.022606809743992456
