actual_y,estimated_y_test,error_of_y(actual_y-estimated_y)
0.037,0.060283024846957745,-0.023283024846957746
0.087,0.12320073149892186,-0.03620073149892186
0.773,0.685167360185676,0.08783263981432399
0.1,0.1912793723627757,-0.0912793723627757
0.125,0.2847580776034532,-0.15975807760345317
