index,property,raw material 1,raw material 2,raw material 3,temperature,time
property,0.07954430263157895,-0.08062236842105264,-0.007684210526315791,0.08830657894736842,0.24230263157894727,-2.2798684210526314
raw material 1,-0.08062236842105264,0.10239473684210526,-0.003999999999999999,-0.09839473684210526,-0.4960526315789474,2.5184210526315796
raw material 2,-0.007684210526315791,-0.003999999999999999,0.013263157894736843,-0.009263157894736845,0.05789473684210534,-0.7473684210526317
raw material 3,0.08830657894736842,-0.09839473684210526,-0.009263157894736845,0.1076578947368421,0.4381578947368421,-1.771052631578947
temperature,0.24230263157894727,-0.4960526315789474,0.05789473684210534,0.4381578947368421,264.4078947368421,284.3421052631579
time,-2.2798684210526314,2.5184210526315796,-0.7473684210526317,-1.771052631578947,284.3421052631579,1226.0526315789473
