standard_regression_coefficients,variable
-0.3813498196795143,raw material 1
-0.1891202966293451,raw material 2
0.43829155744153875,raw material 3
0.0010303140755728302,temperature
-0.01787162816317324,time
