standard_regression_coefficients,variable
-0.43083907644109976,raw material 1
-0.18572358775600123,raw material 2
0.48536371910841875,raw material 3
0.0325037486641745,temperature
-0.10985492719559059,time
