index,standard_regression_coefficients
raw material 1,-0.4308390764410996
raw material 2,-0.18572358775600134
raw material 3,0.4853637191084185
temperature,0.032503748664174555
time,-0.10985492719559062
