column_0,actual_y,estimated_y,error_of_y(actual_y-estimated_y),std_of_estimated_y
sample_12,0.037,0.06724619827299458,-0.03024619827299458,0.09268000557723662
sample_16,0.087,0.1300429292991621,-0.04304292929916212,0.10610070459195371
sample_15,0.773,0.673608833663633,0.09939116633636702,0.10376123412524599
sample_13,0.1,0.19543157439484632,-0.09543157439484631,0.10155278394062262
sample_1,0.125,0.2857178424681857,-0.1607178424681857,0.09017026208463463
