column_0,actual_y,estimated_y,error_of_y(actual_y-estimated_y),std_of_estimated_y
sample_12,0.037,0.05556134716854083,-0.018561347168540833,0.012149895160306975
sample_16,0.087,0.11309259037359437,-0.026092590373594376,0.013770895036217572
sample_15,0.773,0.7743847928537149,-0.0013847928537148446,0.016068634519074906
sample_13,0.1,0.10360435417618008,-0.0036043541761800746,0.01350717111444356
sample_1,0.125,0.1499741341332082,-0.024974134133208203,0.012467241542138968
