,actual_y,estimated_y,error_of_y(actual_y-estimated_y)
sample_12,0.037,0.10033333333333333,-0.06333333333333332
sample_16,0.087,0.10033333333333333,-0.013333333333333336
sample_15,0.773,0.6266666666666666,0.14633333333333343
sample_13,0.1,0.10033333333333333,-0.0003333333333333244
sample_1,0.125,0.10033333333333333,0.02466666666666667
