,actual_y,estimated_y,error_of_y(actual_y-estimated_y)
sample_12,0.037,0.05412037122011398,-0.017120371220113985
sample_16,0.087,0.12338039418769475,-0.03638039418769476
sample_15,0.773,0.8042513831366846,-0.03125138313668463
sample_13,0.1,0.09632639713479532,0.0036736028652046837
sample_1,0.125,0.14760680974399212,-0.022606809743992123
