,actual_y,estimated_y,error_of_y(actual_y-estimated_y)
sample_12,0.037,0.054120371220114205,-0.017120371220114207
sample_16,0.087,0.12338039418769378,-0.03638039418769379
sample_15,0.773,0.8042513831366855,-0.03125138313668552
sample_13,0.1,0.09632639713479457,0.003673602865205433
sample_1,0.125,0.14760680974399232,-0.022606809743992318
