,actual_y,estimated_y,error_of_y(actual_y-estimated_y)
sample_12,0.037,0.0674766666666666,-0.030476666666666603
sample_16,0.087,0.13641000000000028,-0.04941000000000029
sample_15,0.773,0.6843766666666647,0.08862333333333527
sample_13,0.1,0.13257999999999998,-0.03257999999999997
sample_1,0.125,0.13988333333333342,-0.014883333333333415
