,actual_y,estimated_y,error_of_y(actual_y-estimated_y),std_of_estimated_y
sample_12,0.037,0.05556134080041675,-0.01856134080041675,0.01214980596328666
sample_16,0.087,0.11309262350396257,-0.026092623503962575,0.013770803813692964
sample_15,0.773,0.7743848303626313,-0.001384830362631262,0.016068536043750917
sample_13,0.1,0.1036043471269171,-0.0036043471269170957,0.013507079759747452
sample_1,0.125,0.1499740976979205,-0.0249740976979205,0.012467150171968975
