,actual_y,estimated_y,error_of_y(actual_y-estimated_y),std_of_estimated_y
sample_12,0.037,0.06724619827302267,-0.03024619827302267,0.09268000557728051
sample_16,0.087,0.13004292929918942,-0.04304292929918943,0.1061007045919969
sample_15,0.773,0.6736088336635868,0.0993911663364132,0.10376123412529276
sample_13,0.1,0.1954315743948627,-0.09543157439486269,0.10155278394066393
sample_1,0.125,0.28571784246818954,-0.16071784246818954,0.0901702620846777
