,actual_y,estimated_y,error_of_y(actual_y-estimated_y)
sample_12,0.037,0.0602830248469578,-0.023283024846957802
sample_16,0.087,0.1232007314989218,-0.036200731498921807
sample_15,0.773,0.6851673601856758,0.08783263981432421
sample_13,0.1,0.1912793723627756,-0.09127937236277558
sample_1,0.125,0.2847580776034532,-0.15975807760345317
