,actual_y,estimated_y_test,error_of_y(actual_y-estimated_y)
sample_12,0.037,0.060283024846957745,-0.023283024846957746
sample_16,0.087,0.1232007314989218,-0.036200731498921807
sample_15,0.773,0.685167360185676,0.08783263981432399
sample_13,0.1,0.19127937236277565,-0.09127937236277564
sample_1,0.125,0.2847580776034532,-0.15975807760345317
